Id,SkuId,ArchiveId,Name,IsMain,Label,Url
,526,,Color-UNIQUE-Size-XS,false,Color-UNIQUE-Size-XS,https://i.ibb.co/yFyCsxB/Adidas-Blue-Loop-1.jpg
,526,,Color-UNIQUE-Size-XS,false,Color-UNIQUE-Size-XS,https://i.ibb.co/6ndL11X/Adidas-Blue-Loop-2.jpg
,526,,Color-UNIQUE-Size-XS,false,Color-UNIQUE-Size-XS,https://i.ibb.co/DfccCb8/Adidas-Blue-Loop-3.jpg
,526,,Color-UNIQUE-Size-XS,false,Color-UNIQUE-Size-XS,https://i.ibb.co/m5sh0JL/Adidas-Blue-Loop-4.jpg
,526,,Color-UNIQUE-Size-XS,false,Color-UNIQUE-Size-XS,https://i.ibb.co/6HQzHj9/Adidas-Blue-Loop-5.jpg
,527,,Color-UNIQUE-Size-S,false,Color-UNIQUE-Size-S,https://i.ibb.co/yFyCsxB/Adidas-Blue-Loop-1.jpg
,527,,Color-UNIQUE-Size-S,false,Color-UNIQUE-Size-S,https://i.ibb.co/6ndL11X/Adidas-Blue-Loop-2.jpg
,527,,Color-UNIQUE-Size-S,false,Color-UNIQUE-Size-S,https://i.ibb.co/DfccCb8/Adidas-Blue-Loop-3.jpg
,527,,Color-UNIQUE-Size-S,false,Color-UNIQUE-Size-S,https://i.ibb.co/m5sh0JL/Adidas-Blue-Loop-4.jpg
,527,,Color-UNIQUE-Size-S,false,Color-UNIQUE-Size-S,https://i.ibb.co/6HQzHj9/Adidas-Blue-Loop-5.jpg
,528,,Color-UNIQUE-Size-M,false,Color-UNIQUE-Size-M,https://i.ibb.co/yFyCsxB/Adidas-Blue-Loop-1.jpg
,528,,Color-UNIQUE-Size-M,false,Color-UNIQUE-Size-M,https://i.ibb.co/6ndL11X/Adidas-Blue-Loop-2.jpg
,528,,Color-UNIQUE-Size-M,false,Color-UNIQUE-Size-M,https://i.ibb.co/DfccCb8/Adidas-Blue-Loop-3.jpg
,528,,Color-UNIQUE-Size-M,false,Color-UNIQUE-Size-M,https://i.ibb.co/m5sh0JL/Adidas-Blue-Loop-4.jpg
,528,,Color-UNIQUE-Size-M,false,Color-UNIQUE-Size-M,https://i.ibb.co/6HQzHj9/Adidas-Blue-Loop-5.jpg
,529,,Color-UNIQUE-Size-L,false,Color-UNIQUE-Size-L,https://i.ibb.co/yFyCsxB/Adidas-Blue-Loop-1.jpg
,529,,Color-UNIQUE-Size-L,false,Color-UNIQUE-Size-L,https://i.ibb.co/6ndL11X/Adidas-Blue-Loop-2.jpg
,529,,Color-UNIQUE-Size-L,false,Color-UNIQUE-Size-L,https://i.ibb.co/DfccCb8/Adidas-Blue-Loop-3.jpg
,529,,Color-UNIQUE-Size-L,false,Color-UNIQUE-Size-L,https://i.ibb.co/m5sh0JL/Adidas-Blue-Loop-4.jpg
,529,,Color-UNIQUE-Size-L,false,Color-UNIQUE-Size-L,https://i.ibb.co/6HQzHj9/Adidas-Blue-Loop-5.jpg
,530,,Color-UNIQUE-Size-XL,false,Color-UNIQUE-Size-XL,https://i.ibb.co/yFyCsxB/Adidas-Blue-Loop-1.jpg
,530,,Color-UNIQUE-Size-XL,false,Color-UNIQUE-Size-XL,https://i.ibb.co/6ndL11X/Adidas-Blue-Loop-2.jpg
,530,,Color-UNIQUE-Size-XL,false,Color-UNIQUE-Size-XL,https://i.ibb.co/DfccCb8/Adidas-Blue-Loop-3.jpg
,530,,Color-UNIQUE-Size-XL,false,Color-UNIQUE-Size-XL,https://i.ibb.co/m5sh0JL/Adidas-Blue-Loop-4.jpg
,530,,Color-UNIQUE-Size-XL,false,Color-UNIQUE-Size-XL,https://i.ibb.co/6HQzHj9/Adidas-Blue-Loop-5.jpg
,531,,Color-UNIQUE-Size-XXL,false,Color-UNIQUE-Size-XXL,https://i.ibb.co/yFyCsxB/Adidas-Blue-Loop-1.jpg
,531,,Color-UNIQUE-Size-XXL,false,Color-UNIQUE-Size-XXL,https://i.ibb.co/6ndL11X/Adidas-Blue-Loop-2.jpg
,531,,Color-UNIQUE-Size-XXL,false,Color-UNIQUE-Size-XXL,https://i.ibb.co/DfccCb8/Adidas-Blue-Loop-3.jpg
,531,,Color-UNIQUE-Size-XXL,false,Color-UNIQUE-Size-XXL,https://i.ibb.co/m5sh0JL/Adidas-Blue-Loop-4.jpg
,531,,Color-UNIQUE-Size-XXL,false,Color-UNIQUE-Size-XXL,https://i.ibb.co/6HQzHj9/Adidas-Blue-Loop-5.jpg
,532,,Color-BLACK-Size-XS,false,Color-BLACK-Size-XS,https://i.ibb.co/k8RMwgS/Terrex-Non-Dyed-1.jpg
,532,,Color-BLACK-Size-XS,false,Color-BLACK-Size-XS,https://i.ibb.co/8sKfm9N/Terrex-Non-Dyed-2.jpg
,532,,Color-BLACK-Size-XS,false,Color-BLACK-Size-XS,https://i.ibb.co/ZHNJ642/Terrex-Non-Dyed-3.jpg
,532,,Color-BLACK-Size-XS,false,Color-BLACK-Size-XS,https://i.ibb.co/rvNWpbN/Terrex-Non-Dyed-4.jpg
,532,,Color-BLACK-Size-XS,false,Color-BLACK-Size-XS,https://i.ibb.co/G52DpCf/Terrex-Non-Dyed-5.jpg
,532,,Color-BLACK-Size-XS,false,Color-BLACK-Size-XS,https://i.ibb.co/b6QFNzs/Terrex-Non-Dyed-6.jpg
,532,,Color-BLACK-Size-XS,false,Color-BLACK-Size-XS,https://i.ibb.co/dgMRvT0/Terrex-Non-Dyed-7.jpg
,532,,Color-BLACK-Size-XS,false,Color-BLACK-Size-XS,https://i.ibb.co/g9XSRFK/Terrex-Non-Dyed-8.jpg
,533,,Color-BLACK-Size-S,false,Color-BLACK-Size-S,https://i.ibb.co/k8RMwgS/Terrex-Non-Dyed-1.jpg
,533,,Color-BLACK-Size-S,false,Color-BLACK-Size-S,https://i.ibb.co/8sKfm9N/Terrex-Non-Dyed-2.jpg
,533,,Color-BLACK-Size-S,false,Color-BLACK-Size-S,https://i.ibb.co/ZHNJ642/Terrex-Non-Dyed-3.jpg
,533,,Color-BLACK-Size-S,false,Color-BLACK-Size-S,https://i.ibb.co/rvNWpbN/Terrex-Non-Dyed-4.jpg
,533,,Color-BLACK-Size-S,false,Color-BLACK-Size-S,https://i.ibb.co/G52DpCf/Terrex-Non-Dyed-5.jpg
,533,,Color-BLACK-Size-S,false,Color-BLACK-Size-S,https://i.ibb.co/b6QFNzs/Terrex-Non-Dyed-6.jpg
,533,,Color-BLACK-Size-S,false,Color-BLACK-Size-S,https://i.ibb.co/dgMRvT0/Terrex-Non-Dyed-7.jpg
,533,,Color-BLACK-Size-S,false,Color-BLACK-Size-S,https://i.ibb.co/g9XSRFK/Terrex-Non-Dyed-8.jpg
,534,,Color-BLACK-Size-M,false,Color-BLACK-Size-M,https://i.ibb.co/k8RMwgS/Terrex-Non-Dyed-1.jpg
,534,,Color-BLACK-Size-M,false,Color-BLACK-Size-M,https://i.ibb.co/8sKfm9N/Terrex-Non-Dyed-2.jpg
,534,,Color-BLACK-Size-M,false,Color-BLACK-Size-M,https://i.ibb.co/ZHNJ642/Terrex-Non-Dyed-3.jpg
,534,,Color-BLACK-Size-M,false,Color-BLACK-Size-M,https://i.ibb.co/rvNWpbN/Terrex-Non-Dyed-4.jpg
,534,,Color-BLACK-Size-M,false,Color-BLACK-Size-M,https://i.ibb.co/G52DpCf/Terrex-Non-Dyed-5.jpg
,534,,Color-BLACK-Size-M,false,Color-BLACK-Size-M,https://i.ibb.co/b6QFNzs/Terrex-Non-Dyed-6.jpg
,534,,Color-BLACK-Size-M,false,Color-BLACK-Size-M,https://i.ibb.co/dgMRvT0/Terrex-Non-Dyed-7.jpg
,534,,Color-BLACK-Size-M,false,Color-BLACK-Size-M,https://i.ibb.co/g9XSRFK/Terrex-Non-Dyed-8.jpg
,535,,Color-BLACK-Size-L,false,Color-BLACK-Size-L,https://i.ibb.co/k8RMwgS/Terrex-Non-Dyed-1.jpg
,535,,Color-BLACK-Size-L,false,Color-BLACK-Size-L,https://i.ibb.co/8sKfm9N/Terrex-Non-Dyed-2.jpg
,535,,Color-BLACK-Size-L,false,Color-BLACK-Size-L,https://i.ibb.co/ZHNJ642/Terrex-Non-Dyed-3.jpg
,535,,Color-BLACK-Size-L,false,Color-BLACK-Size-L,https://i.ibb.co/rvNWpbN/Terrex-Non-Dyed-4.jpg
,535,,Color-BLACK-Size-L,false,Color-BLACK-Size-L,https://i.ibb.co/G52DpCf/Terrex-Non-Dyed-5.jpg
,535,,Color-BLACK-Size-L,false,Color-BLACK-Size-L,https://i.ibb.co/b6QFNzs/Terrex-Non-Dyed-6.jpg
,535,,Color-BLACK-Size-L,false,Color-BLACK-Size-L,https://i.ibb.co/dgMRvT0/Terrex-Non-Dyed-7.jpg
,535,,Color-BLACK-Size-L,false,Color-BLACK-Size-L,https://i.ibb.co/g9XSRFK/Terrex-Non-Dyed-8.jpg
,536,,Color-BLACK-Size-XL,false,Color-BLACK-Size-XL,https://i.ibb.co/k8RMwgS/Terrex-Non-Dyed-1.jpg
,536,,Color-BLACK-Size-XL,false,Color-BLACK-Size-XL,https://i.ibb.co/8sKfm9N/Terrex-Non-Dyed-2.jpg
,536,,Color-BLACK-Size-XL,false,Color-BLACK-Size-XL,https://i.ibb.co/ZHNJ642/Terrex-Non-Dyed-3.jpg
,536,,Color-BLACK-Size-XL,false,Color-BLACK-Size-XL,https://i.ibb.co/rvNWpbN/Terrex-Non-Dyed-4.jpg
,536,,Color-BLACK-Size-XL,false,Color-BLACK-Size-XL,https://i.ibb.co/G52DpCf/Terrex-Non-Dyed-5.jpg
,536,,Color-BLACK-Size-XL,false,Color-BLACK-Size-XL,https://i.ibb.co/b6QFNzs/Terrex-Non-Dyed-6.jpg
,536,,Color-BLACK-Size-XL,false,Color-BLACK-Size-XL,https://i.ibb.co/dgMRvT0/Terrex-Non-Dyed-7.jpg
,536,,Color-BLACK-Size-XL,false,Color-BLACK-Size-XL,https://i.ibb.co/g9XSRFK/Terrex-Non-Dyed-8.jpg
,537,,Color-BLACK-Size-XXL,false,Color-BLACK-Size-XXL,https://i.ibb.co/k8RMwgS/Terrex-Non-Dyed-1.jpg
,537,,Color-BLACK-Size-XXL,false,Color-BLACK-Size-XXL,https://i.ibb.co/8sKfm9N/Terrex-Non-Dyed-2.jpg
,537,,Color-BLACK-Size-XXL,false,Color-BLACK-Size-XXL,https://i.ibb.co/ZHNJ642/Terrex-Non-Dyed-3.jpg
,537,,Color-BLACK-Size-XXL,false,Color-BLACK-Size-XXL,https://i.ibb.co/rvNWpbN/Terrex-Non-Dyed-4.jpg
,537,,Color-BLACK-Size-XXL,false,Color-BLACK-Size-XXL,https://i.ibb.co/G52DpCf/Terrex-Non-Dyed-5.jpg
,537,,Color-BLACK-Size-XXL,false,Color-BLACK-Size-XXL,https://i.ibb.co/b6QFNzs/Terrex-Non-Dyed-6.jpg
,537,,Color-BLACK-Size-XXL,false,Color-BLACK-Size-XXL,https://i.ibb.co/dgMRvT0/Terrex-Non-Dyed-7.jpg
,537,,Color-BLACK-Size-XXL,false,Color-BLACK-Size-XXL,https://i.ibb.co/g9XSRFK/Terrex-Non-Dyed-8.jpg
,538,,Color-VIOLET-Size-XS,false,Color-VIOLET-Size-XS,https://i.ibb.co/R2JKY8x/Terrex-Violet.jpg 
,538,,Color-VIOLET-Size-XS,false,Color-VIOLET-Size-XS,https://i.ibb.co/xhk9JpK/Terrex-Violet-2.jpg
,538,,Color-VIOLET-Size-XS,false,Color-VIOLET-Size-XS,https://i.ibb.co/wzRpKgW/Terrex-Violet-3.jpg
,538,,Color-VIOLET-Size-XS,false,Color-VIOLET-Size-XS,https://i.ibb.co/NThG7VS/Terrex-Violet-4.jpg
,538,,Color-VIOLET-Size-XS,false,Color-VIOLET-Size-XS,https://i.ibb.co/W5vJ8c4/Terrex-Violet-5.jpg
,538,,Color-VIOLET-Size-XS,false,Color-VIOLET-Size-XS,https://i.ibb.co/GVFVsq1/Terrex-Violet-6.jpg
,538,,Color-VIOLET-Size-XS,false,Color-VIOLET-Size-XS,https://i.ibb.co/LSdK8qP/Terrex-Violet-7.jpg
,538,,Color-VIOLET-Size-XS,false,Color-VIOLET-Size-XS,https://i.ibb.co/tBRJMtJ/Terrex-Violet-8.jpg
,539,,Color-VIOLET-Size-S,false,Color-VIOLET-Size-S,https://i.ibb.co/R2JKY8x/Terrex-Violet.jpg 
,539,,Color-VIOLET-Size-S,false,Color-VIOLET-Size-S,https://i.ibb.co/xhk9JpK/Terrex-Violet-2.jpg
,539,,Color-VIOLET-Size-S,false,Color-VIOLET-Size-S,https://i.ibb.co/wzRpKgW/Terrex-Violet-3.jpg
,539,,Color-VIOLET-Size-S,false,Color-VIOLET-Size-S,https://i.ibb.co/NThG7VS/Terrex-Violet-4.jpg
,539,,Color-VIOLET-Size-S,false,Color-VIOLET-Size-S,https://i.ibb.co/W5vJ8c4/Terrex-Violet-5.jpg
,539,,Color-VIOLET-Size-S,false,Color-VIOLET-Size-S,https://i.ibb.co/GVFVsq1/Terrex-Violet-6.jpg
,539,,Color-VIOLET-Size-S,false,Color-VIOLET-Size-S,https://i.ibb.co/LSdK8qP/Terrex-Violet-7.jpg
,539,,Color-VIOLET-Size-S,false,Color-VIOLET-Size-S,https://i.ibb.co/tBRJMtJ/Terrex-Violet-8.jpg
,540,,Color-VIOLET-Size-M,false,Color-VIOLET-Size-M,https://i.ibb.co/R2JKY8x/Terrex-Violet.jpg 
,540,,Color-VIOLET-Size-M,false,Color-VIOLET-Size-M,https://i.ibb.co/xhk9JpK/Terrex-Violet-2.jpg
,540,,Color-VIOLET-Size-M,false,Color-VIOLET-Size-M,https://i.ibb.co/wzRpKgW/Terrex-Violet-3.jpg
,540,,Color-VIOLET-Size-M,false,Color-VIOLET-Size-M,https://i.ibb.co/NThG7VS/Terrex-Violet-4.jpg
,540,,Color-VIOLET-Size-M,false,Color-VIOLET-Size-M,https://i.ibb.co/W5vJ8c4/Terrex-Violet-5.jpg
,540,,Color-VIOLET-Size-M,false,Color-VIOLET-Size-M,https://i.ibb.co/GVFVsq1/Terrex-Violet-6.jpg
,540,,Color-VIOLET-Size-M,false,Color-VIOLET-Size-M,https://i.ibb.co/LSdK8qP/Terrex-Violet-7.jpg
,540,,Color-VIOLET-Size-M,false,Color-VIOLET-Size-M,https://i.ibb.co/tBRJMtJ/Terrex-Violet-8.jpg
,541,,Color-VIOLET-Size-L,false,Color-VIOLET-Size-L,https://i.ibb.co/R2JKY8x/Terrex-Violet.jpg 
,541,,Color-VIOLET-Size-L,false,Color-VIOLET-Size-L,https://i.ibb.co/xhk9JpK/Terrex-Violet-2.jpg
,541,,Color-VIOLET-Size-L,false,Color-VIOLET-Size-L,https://i.ibb.co/wzRpKgW/Terrex-Violet-3.jpg
,541,,Color-VIOLET-Size-L,false,Color-VIOLET-Size-L,https://i.ibb.co/NThG7VS/Terrex-Violet-4.jpg
,541,,Color-VIOLET-Size-L,false,Color-VIOLET-Size-L,https://i.ibb.co/W5vJ8c4/Terrex-Violet-5.jpg
,541,,Color-VIOLET-Size-L,false,Color-VIOLET-Size-L,https://i.ibb.co/GVFVsq1/Terrex-Violet-6.jpg
,541,,Color-VIOLET-Size-L,false,Color-VIOLET-Size-L,https://i.ibb.co/LSdK8qP/Terrex-Violet-7.jpg
,541,,Color-VIOLET-Size-L,false,Color-VIOLET-Size-L,https://i.ibb.co/tBRJMtJ/Terrex-Violet-8.jpg
,542,,Color-VIOLET-Size-XL,false,Color-VIOLET-Size-XL,https://i.ibb.co/R2JKY8x/Terrex-Violet.jpg 
,542,,Color-VIOLET-Size-XL,false,Color-VIOLET-Size-XL,https://i.ibb.co/xhk9JpK/Terrex-Violet-2.jpg
,542,,Color-VIOLET-Size-XL,false,Color-VIOLET-Size-XL,https://i.ibb.co/wzRpKgW/Terrex-Violet-3.jpg
,542,,Color-VIOLET-Size-XL,false,Color-VIOLET-Size-XL,https://i.ibb.co/NThG7VS/Terrex-Violet-4.jpg
,542,,Color-VIOLET-Size-XL,false,Color-VIOLET-Size-XL,https://i.ibb.co/W5vJ8c4/Terrex-Violet-5.jpg
,542,,Color-VIOLET-Size-XL,false,Color-VIOLET-Size-XL,https://i.ibb.co/GVFVsq1/Terrex-Violet-6.jpg
,542,,Color-VIOLET-Size-XL,false,Color-VIOLET-Size-XL,https://i.ibb.co/LSdK8qP/Terrex-Violet-7.jpg
,542,,Color-VIOLET-Size-XL,false,Color-VIOLET-Size-XL,https://i.ibb.co/tBRJMtJ/Terrex-Violet-8.jpg
,543,,Color-VIOLET-Size-XXL,false,Color-VIOLET-Size-XXL,https://i.ibb.co/R2JKY8x/Terrex-Violet.jpg 
,543,,Color-VIOLET-Size-XXL,false,Color-VIOLET-Size-XXL,https://i.ibb.co/xhk9JpK/Terrex-Violet-2.jpg
,543,,Color-VIOLET-Size-XXL,false,Color-VIOLET-Size-XXL,https://i.ibb.co/wzRpKgW/Terrex-Violet-3.jpg
,543,,Color-VIOLET-Size-XXL,false,Color-VIOLET-Size-XXL,https://i.ibb.co/NThG7VS/Terrex-Violet-4.jpg
,543,,Color-VIOLET-Size-XXL,false,Color-VIOLET-Size-XXL,https://i.ibb.co/W5vJ8c4/Terrex-Violet-5.jpg
,543,,Color-VIOLET-Size-XXL,false,Color-VIOLET-Size-XXL,https://i.ibb.co/GVFVsq1/Terrex-Violet-6.jpg
,543,,Color-VIOLET-Size-XXL,false,Color-VIOLET-Size-XXL,https://i.ibb.co/LSdK8qP/Terrex-Violet-7.jpg
,543,,Color-VIOLET-Size-XXL,false,Color-VIOLET-Size-XXL,https://i.ibb.co/tBRJMtJ/Terrex-Violet-8.jpg
,544,,Color-BLACK-Size-XS,false,Color-BLACK-Size-XS,https://i.ibb.co/RTJCgHZ/Terrex-Black-1.jpg
,544,,Color-BLACK-Size-XS,false,Color-BLACK-Size-XS,https://i.ibb.co/rd4Q1WL/Terrex-Black-2.jpg
,544,,Color-BLACK-Size-XS,false,Color-BLACK-Size-XS,https://i.ibb.co/bLwKP9w/Terrex-Black-3.jpg
,544,,Color-BLACK-Size-XS,false,Color-BLACK-Size-XS,https://i.ibb.co/2YTHDKr/Terrex-Black-4.jpg
,544,,Color-BLACK-Size-XS,false,Color-BLACK-Size-XS,https://i.ibb.co/rGbYQ8Y/Terrex-Black-5.jpg
,544,,Color-BLACK-Size-XS,false,Color-BLACK-Size-XS,https://i.ibb.co/RgpWQ9d/Terrex-Black-6.jpg
,545,,Color-BLACK-Size-S,false,Color-BLACK-Size-S,https://i.ibb.co/RTJCgHZ/Terrex-Black-1.jpg
,545,,Color-BLACK-Size-S,false,Color-BLACK-Size-S,https://i.ibb.co/rd4Q1WL/Terrex-Black-2.jpg
,545,,Color-BLACK-Size-S,false,Color-BLACK-Size-S,https://i.ibb.co/bLwKP9w/Terrex-Black-3.jpg
,545,,Color-BLACK-Size-S,false,Color-BLACK-Size-S,https://i.ibb.co/2YTHDKr/Terrex-Black-4.jpg
,545,,Color-BLACK-Size-S,false,Color-BLACK-Size-S,https://i.ibb.co/rGbYQ8Y/Terrex-Black-5.jpg
,545,,Color-BLACK-Size-S,false,Color-BLACK-Size-S,https://i.ibb.co/RgpWQ9d/Terrex-Black-6.jpg
,546,,Color-BLACK-Size-M,false,Color-BLACK-Size-M,https://i.ibb.co/RTJCgHZ/Terrex-Black-1.jpg
,546,,Color-BLACK-Size-M,false,Color-BLACK-Size-M,https://i.ibb.co/rd4Q1WL/Terrex-Black-2.jpg
,546,,Color-BLACK-Size-M,false,Color-BLACK-Size-M,https://i.ibb.co/bLwKP9w/Terrex-Black-3.jpg
,546,,Color-BLACK-Size-M,false,Color-BLACK-Size-M,https://i.ibb.co/2YTHDKr/Terrex-Black-4.jpg
,546,,Color-BLACK-Size-M,false,Color-BLACK-Size-M,https://i.ibb.co/rGbYQ8Y/Terrex-Black-5.jpg
,546,,Color-BLACK-Size-M,false,Color-BLACK-Size-M,https://i.ibb.co/RgpWQ9d/Terrex-Black-6.jpg
,547,,Color-BLACK-Size-L,false,Color-BLACK-Size-L,https://i.ibb.co/RTJCgHZ/Terrex-Black-1.jpg
,547,,Color-BLACK-Size-L,false,Color-BLACK-Size-L,https://i.ibb.co/rd4Q1WL/Terrex-Black-2.jpg
,547,,Color-BLACK-Size-L,false,Color-BLACK-Size-L,https://i.ibb.co/bLwKP9w/Terrex-Black-3.jpg
,547,,Color-BLACK-Size-L,false,Color-BLACK-Size-L,https://i.ibb.co/2YTHDKr/Terrex-Black-4.jpg
,547,,Color-BLACK-Size-L,false,Color-BLACK-Size-L,https://i.ibb.co/rGbYQ8Y/Terrex-Black-5.jpg
,547,,Color-BLACK-Size-L,false,Color-BLACK-Size-L,https://i.ibb.co/RgpWQ9d/Terrex-Black-6.jpg
,548,,Color-BLACK-Size-XL,false,Color-BLACK-Size-XL,https://i.ibb.co/RTJCgHZ/Terrex-Black-1.jpg
,548,,Color-BLACK-Size-XL,false,Color-BLACK-Size-XL,https://i.ibb.co/rd4Q1WL/Terrex-Black-2.jpg
,548,,Color-BLACK-Size-XL,false,Color-BLACK-Size-XL,https://i.ibb.co/bLwKP9w/Terrex-Black-3.jpg
,548,,Color-BLACK-Size-XL,false,Color-BLACK-Size-XL,https://i.ibb.co/2YTHDKr/Terrex-Black-4.jpg
,548,,Color-BLACK-Size-XL,false,Color-BLACK-Size-XL,https://i.ibb.co/rGbYQ8Y/Terrex-Black-5.jpg
,548,,Color-BLACK-Size-XL,false,Color-BLACK-Size-XL,https://i.ibb.co/RgpWQ9d/Terrex-Black-6.jpg
,549,,Color-BLACK-Size-XXL,false,Color-BLACK-Size-XXL,https://i.ibb.co/RTJCgHZ/Terrex-Black-1.jpg
,549,,Color-BLACK-Size-XXL,false,Color-BLACK-Size-XXL,https://i.ibb.co/rd4Q1WL/Terrex-Black-2.jpg
,549,,Color-BLACK-Size-XXL,false,Color-BLACK-Size-XXL,https://i.ibb.co/bLwKP9w/Terrex-Black-3.jpg
,549,,Color-BLACK-Size-XXL,false,Color-BLACK-Size-XXL,https://i.ibb.co/2YTHDKr/Terrex-Black-4.jpg
,549,,Color-BLACK-Size-XXL,false,Color-BLACK-Size-XXL,https://i.ibb.co/rGbYQ8Y/Terrex-Black-5.jpg
,549,,Color-BLACK-Size-XXL,false,Color-BLACK-Size-XXL,https://i.ibb.co/RgpWQ9d/Terrex-Black-6.jpg
,550,,Color-UNIQUE-Size-S,false,Color-UNIQUE-Size-S,https://i.ibb.co/D4X9D4L/Jacket-Osklen-1.jpg
,550,,Color-UNIQUE-Size-S,false,Color-UNIQUE-Size-S,https://i.ibb.co/KDrJfXJ/Jacket-Osklen-2.jpg
,551,,Color-UNIQUE-Size-M,false,Color-UNIQUE-Size-M,https://i.ibb.co/D4X9D4L/Jacket-Osklen-1.jpg
,551,,Color-UNIQUE-Size-M,false,Color-UNIQUE-Size-M,https://i.ibb.co/KDrJfXJ/Jacket-Osklen-2.jpg
,552,,Color-UNIQUE-Size-L,false,Color-UNIQUE-Size-L,https://i.ibb.co/D4X9D4L/Jacket-Osklen-1.jpg
,552,,Color-UNIQUE-Size-L,false,Color-UNIQUE-Size-L,https://i.ibb.co/KDrJfXJ/Jacket-Osklen-2.jpg
,553,,Color-UNIQUE-Size-XL,false,Color-UNIQUE-Size-XL,https://i.ibb.co/D4X9D4L/Jacket-Osklen-1.jpg
,553,,Color-UNIQUE-Size-XL,false,Color-UNIQUE-Size-XL,https://i.ibb.co/KDrJfXJ/Jacket-Osklen-2.jpg
,554,,Color-UNIQUE-Size-XXL,false,Color-UNIQUE-Size-XXL,https://i.ibb.co/D4X9D4L/Jacket-Osklen-1.jpg
,554,,Color-UNIQUE-Size-XXL,false,Color-UNIQUE-Size-XXL,https://i.ibb.co/KDrJfXJ/Jacket-Osklen-2.jpg
,555,,Color-BLACK-Size-XS,false,Color-BLACK-Size-XS,https://i.ibb.co/rcmH56y/Nike-Gravity-Black-1.jpg
,555,,Color-BLACK-Size-XS,false,Color-BLACK-Size-XS,https://i.ibb.co/ncgTJ12/Nike-Gravity-Black-2.jpg
,555,,Color-BLACK-Size-XS,false,Color-BLACK-Size-XS,https://i.ibb.co/nCZDycF/Nike-Gravity-Black-3.jpg
,555,,Color-BLACK-Size-XS,false,Color-BLACK-Size-XS,https://i.ibb.co/9cRRn7j/Nike-Gravity-Black-4.jpg
,556,,Color-BLACK-Size-S,false,Color-BLACK-Size-S,https://i.ibb.co/rcmH56y/Nike-Gravity-Black-1.jpg
,556,,Color-BLACK-Size-S,false,Color-BLACK-Size-S,https://i.ibb.co/ncgTJ12/Nike-Gravity-Black-2.jpg
,556,,Color-BLACK-Size-S,false,Color-BLACK-Size-S,https://i.ibb.co/nCZDycF/Nike-Gravity-Black-3.jpg
,556,,Color-BLACK-Size-S,false,Color-BLACK-Size-S,https://i.ibb.co/9cRRn7j/Nike-Gravity-Black-4.jpg
,557,,Color-BLACK-Size-M,false,Color-BLACK-Size-M,https://i.ibb.co/rcmH56y/Nike-Gravity-Black-1.jpg
,557,,Color-BLACK-Size-M,false,Color-BLACK-Size-M,https://i.ibb.co/ncgTJ12/Nike-Gravity-Black-2.jpg
,557,,Color-BLACK-Size-M,false,Color-BLACK-Size-M,https://i.ibb.co/nCZDycF/Nike-Gravity-Black-3.jpg
,557,,Color-BLACK-Size-M,false,Color-BLACK-Size-M,https://i.ibb.co/9cRRn7j/Nike-Gravity-Black-4.jpg
,558,,Color-BLACK-Size-L,false,Color-BLACK-Size-L,https://i.ibb.co/rcmH56y/Nike-Gravity-Black-1.jpg
,558,,Color-BLACK-Size-L,false,Color-BLACK-Size-L,https://i.ibb.co/ncgTJ12/Nike-Gravity-Black-2.jpg
,558,,Color-BLACK-Size-L,false,Color-BLACK-Size-L,https://i.ibb.co/nCZDycF/Nike-Gravity-Black-3.jpg
,558,,Color-BLACK-Size-L,false,Color-BLACK-Size-L,https://i.ibb.co/9cRRn7j/Nike-Gravity-Black-4.jpg
,559,,Color-BLACK-Size-XL,false,Color-BLACK-Size-XL,https://i.ibb.co/rcmH56y/Nike-Gravity-Black-1.jpg
,559,,Color-BLACK-Size-XL,false,Color-BLACK-Size-XL,https://i.ibb.co/ncgTJ12/Nike-Gravity-Black-2.jpg
,559,,Color-BLACK-Size-XL,false,Color-BLACK-Size-XL,https://i.ibb.co/nCZDycF/Nike-Gravity-Black-3.jpg
,559,,Color-BLACK-Size-XL,false,Color-BLACK-Size-XL,https://i.ibb.co/9cRRn7j/Nike-Gravity-Black-4.jpg
,560,,Color-BLACK-Size-XXL,false,Color-BLACK-Size-XXL,https://i.ibb.co/rcmH56y/Nike-Gravity-Black-1.jpg
,560,,Color-BLACK-Size-XXL,false,Color-BLACK-Size-XXL,https://i.ibb.co/ncgTJ12/Nike-Gravity-Black-2.jpg
,560,,Color-BLACK-Size-XXL,false,Color-BLACK-Size-XXL,https://i.ibb.co/nCZDycF/Nike-Gravity-Black-3.jpg
,560,,Color-BLACK-Size-XXL,false,Color-BLACK-Size-XXL,https://i.ibb.co/9cRRn7j/Nike-Gravity-Black-4.jpg
,561,,Color-BLACK-Size-3XL,false,Color-BLACK-Size-3XL,https://i.ibb.co/rcmH56y/Nike-Gravity-Black-1.jpg
,561,,Color-BLACK-Size-3XL,false,Color-BLACK-Size-3XL,https://i.ibb.co/ncgTJ12/Nike-Gravity-Black-2.jpg
,561,,Color-BLACK-Size-3XL,false,Color-BLACK-Size-3XL,https://i.ibb.co/nCZDycF/Nike-Gravity-Black-3.jpg
,561,,Color-BLACK-Size-3XL,false,Color-BLACK-Size-3XL,https://i.ibb.co/9cRRn7j/Nike-Gravity-Black-4.jpg
,562,,Color-BLACK-Size-4XL,false,Color-BLACK-Size-4XL,https://i.ibb.co/rcmH56y/Nike-Gravity-Black-1.jpg
,562,,Color-BLACK-Size-4XL,false,Color-BLACK-Size-4XL,https://i.ibb.co/ncgTJ12/Nike-Gravity-Black-2.jpg
,562,,Color-BLACK-Size-4XL,false,Color-BLACK-Size-4XL,https://i.ibb.co/nCZDycF/Nike-Gravity-Black-3.jpg
,562,,Color-BLACK-Size-4XL,false,Color-BLACK-Size-4XL,https://i.ibb.co/9cRRn7j/Nike-Gravity-Black-4.jpg
,563,,Color-RED-Size-XS,false,Color-RED-Size-XS,https://i.ibb.co/NT9KjX8/Nike-Gravity-Red-1.jpg
,563,,Color-RED-Size-XS,false,Color-RED-Size-XS,https://i.ibb.co/WyysT1g/Nike-Gravity-Red-2.jpg
,563,,Color-RED-Size-XS,false,Color-RED-Size-XS,https://i.ibb.co/gy9zLW9/Nike-Gravity-Red-3.jpg
,563,,Color-RED-Size-XS,false,Color-RED-Size-XS,https://i.ibb.co/MC1r8H8/Nike-Gravity-Red-4.jpg
,564,,Color-RED-Size-S,false,Color-RED-Size-S,https://i.ibb.co/NT9KjX8/Nike-Gravity-Red-1.jpg
,564,,Color-RED-Size-S,false,Color-RED-Size-S,https://i.ibb.co/WyysT1g/Nike-Gravity-Red-2.jpg
,564,,Color-RED-Size-S,false,Color-RED-Size-S,https://i.ibb.co/gy9zLW9/Nike-Gravity-Red-3.jpg
,564,,Color-RED-Size-S,false,Color-RED-Size-S,https://i.ibb.co/MC1r8H8/Nike-Gravity-Red-4.jpg
,565,,Color-RED-Size-M,false,Color-RED-Size-M,https://i.ibb.co/NT9KjX8/Nike-Gravity-Red-1.jpg
,565,,Color-RED-Size-M,false,Color-RED-Size-M,https://i.ibb.co/WyysT1g/Nike-Gravity-Red-2.jpg
,565,,Color-RED-Size-M,false,Color-RED-Size-M,https://i.ibb.co/gy9zLW9/Nike-Gravity-Red-3.jpg
,565,,Color-RED-Size-M,false,Color-RED-Size-M,https://i.ibb.co/MC1r8H8/Nike-Gravity-Red-4.jpg
,566,,Color-RED-Size-L,false,Color-RED-Size-L,https://i.ibb.co/NT9KjX8/Nike-Gravity-Red-1.jpg
,566,,Color-RED-Size-L,false,Color-RED-Size-L,https://i.ibb.co/WyysT1g/Nike-Gravity-Red-2.jpg
,566,,Color-RED-Size-L,false,Color-RED-Size-L,https://i.ibb.co/gy9zLW9/Nike-Gravity-Red-3.jpg
,566,,Color-RED-Size-L,false,Color-RED-Size-L,https://i.ibb.co/MC1r8H8/Nike-Gravity-Red-4.jpg
,567,,Color-RED-Size-XL,false,Color-RED-Size-XL,https://i.ibb.co/NT9KjX8/Nike-Gravity-Red-1.jpg
,567,,Color-RED-Size-XL,false,Color-RED-Size-XL,https://i.ibb.co/WyysT1g/Nike-Gravity-Red-2.jpg
,567,,Color-RED-Size-XL,false,Color-RED-Size-XL,https://i.ibb.co/gy9zLW9/Nike-Gravity-Red-3.jpg
,567,,Color-RED-Size-XL,false,Color-RED-Size-XL,https://i.ibb.co/MC1r8H8/Nike-Gravity-Red-4.jpg
,568,,Color-RED-Size-XXL,false,Color-RED-Size-XXL,https://i.ibb.co/NT9KjX8/Nike-Gravity-Red-1.jpg
,568,,Color-RED-Size-XXL,false,Color-RED-Size-XXL,https://i.ibb.co/WyysT1g/Nike-Gravity-Red-2.jpg
,568,,Color-RED-Size-XXL,false,Color-RED-Size-XXL,https://i.ibb.co/gy9zLW9/Nike-Gravity-Red-3.jpg
,568,,Color-RED-Size-XXL,false,Color-RED-Size-XXL,https://i.ibb.co/MC1r8H8/Nike-Gravity-Red-4.jpg
,569,,Color-RED-Size-3XL,false,Color-RED-Size-3XL,https://i.ibb.co/NT9KjX8/Nike-Gravity-Red-1.jpg
,569,,Color-RED-Size-3XL,false,Color-RED-Size-3XL,https://i.ibb.co/WyysT1g/Nike-Gravity-Red-2.jpg
,569,,Color-RED-Size-3XL,false,Color-RED-Size-3XL,https://i.ibb.co/gy9zLW9/Nike-Gravity-Red-3.jpg
,569,,Color-RED-Size-3XL,false,Color-RED-Size-3XL,https://i.ibb.co/MC1r8H8/Nike-Gravity-Red-4.jpg
,570,,Color-RED-Size-4XL,false,Color-RED-Size-4XL,https://i.ibb.co/NT9KjX8/Nike-Gravity-Red-1.jpg
,570,,Color-RED-Size-4XL,false,Color-RED-Size-4XL,https://i.ibb.co/WyysT1g/Nike-Gravity-Red-2.jpg
,570,,Color-RED-Size-4XL,false,Color-RED-Size-4XL,https://i.ibb.co/gy9zLW9/Nike-Gravity-Red-3.jpg
,570,,Color-RED-Size-4XL,false,Color-RED-Size-4XL,https://i.ibb.co/MC1r8H8/Nike-Gravity-Red-4.jpg
,571,,Color-NAVY-Size-XS,false,Color-NAVY-Size-XS,https://i.ibb.co/q0LLdrP/Lacoste-Navy-1.jpg
,571,,Color-NAVY-Size-XS,false,Color-NAVY-Size-XS,https://i.ibb.co/kJ2nxNn/Lacoste-Navy-2.jpg
,571,,Color-NAVY-Size-XS,false,Color-NAVY-Size-XS,https://i.ibb.co/8Bz5sRt/Lacoste-Navy-3.jpg
,571,,Color-NAVY-Size-XS,false,Color-NAVY-Size-XS,https://i.ibb.co/g6GCLjN/Lacoste-Navy-4.jpg
,571,,Color-NAVY-Size-XS,false,Color-NAVY-Size-XS,https://i.ibb.co/znq9T1H/Lacoste-Navy-5.jpg
,571,,Color-NAVY-Size-XS,false,Color-NAVY-Size-XS,https://i.ibb.co/BtfcpVS/Lacoste-Navy-6.jpg
,571,,Color-NAVY-Size-XS,false,Color-NAVY-Size-XS,https://i.ibb.co/GMQWgms/Lacoste-Navy-7.jpg
,572,,Color-NAVY-Size-S,false,Color-NAVY-Size-S,https://i.ibb.co/q0LLdrP/Lacoste-Navy-1.jpg
,572,,Color-NAVY-Size-S,false,Color-NAVY-Size-S,https://i.ibb.co/kJ2nxNn/Lacoste-Navy-2.jpg
,572,,Color-NAVY-Size-S,false,Color-NAVY-Size-S,https://i.ibb.co/8Bz5sRt/Lacoste-Navy-3.jpg
,572,,Color-NAVY-Size-S,false,Color-NAVY-Size-S,https://i.ibb.co/g6GCLjN/Lacoste-Navy-4.jpg
,572,,Color-NAVY-Size-S,false,Color-NAVY-Size-S,https://i.ibb.co/znq9T1H/Lacoste-Navy-5.jpg
,572,,Color-NAVY-Size-S,false,Color-NAVY-Size-S,https://i.ibb.co/BtfcpVS/Lacoste-Navy-6.jpg
,572,,Color-NAVY-Size-S,false,Color-NAVY-Size-S,https://i.ibb.co/GMQWgms/Lacoste-Navy-7.jpg
,573,,Color-NAVY-Size-M,false,Color-NAVY-Size-M,https://i.ibb.co/q0LLdrP/Lacoste-Navy-1.jpg
,573,,Color-NAVY-Size-M,false,Color-NAVY-Size-M,https://i.ibb.co/kJ2nxNn/Lacoste-Navy-2.jpg
,573,,Color-NAVY-Size-M,false,Color-NAVY-Size-M,https://i.ibb.co/8Bz5sRt/Lacoste-Navy-3.jpg
,573,,Color-NAVY-Size-M,false,Color-NAVY-Size-M,https://i.ibb.co/g6GCLjN/Lacoste-Navy-4.jpg
,573,,Color-NAVY-Size-M,false,Color-NAVY-Size-M,https://i.ibb.co/znq9T1H/Lacoste-Navy-5.jpg
,573,,Color-NAVY-Size-M,false,Color-NAVY-Size-M,https://i.ibb.co/BtfcpVS/Lacoste-Navy-6.jpg
,573,,Color-NAVY-Size-M,false,Color-NAVY-Size-M,https://i.ibb.co/GMQWgms/Lacoste-Navy-7.jpg
,574,,Color-NAVY-Size-L,false,Color-NAVY-Size-L,https://i.ibb.co/q0LLdrP/Lacoste-Navy-1.jpg
,574,,Color-NAVY-Size-L,false,Color-NAVY-Size-L,https://i.ibb.co/kJ2nxNn/Lacoste-Navy-2.jpg
,574,,Color-NAVY-Size-L,false,Color-NAVY-Size-L,https://i.ibb.co/8Bz5sRt/Lacoste-Navy-3.jpg
,574,,Color-NAVY-Size-L,false,Color-NAVY-Size-L,https://i.ibb.co/g6GCLjN/Lacoste-Navy-4.jpg
,574,,Color-NAVY-Size-L,false,Color-NAVY-Size-L,https://i.ibb.co/znq9T1H/Lacoste-Navy-5.jpg
,574,,Color-NAVY-Size-L,false,Color-NAVY-Size-L,https://i.ibb.co/BtfcpVS/Lacoste-Navy-6.jpg
,574,,Color-NAVY-Size-L,false,Color-NAVY-Size-L,https://i.ibb.co/GMQWgms/Lacoste-Navy-7.jpg
,575,,Color-NAVY-Size-XL,false,Color-NAVY-Size-XL,https://i.ibb.co/q0LLdrP/Lacoste-Navy-1.jpg
,575,,Color-NAVY-Size-XL,false,Color-NAVY-Size-XL,https://i.ibb.co/kJ2nxNn/Lacoste-Navy-2.jpg
,575,,Color-NAVY-Size-XL,false,Color-NAVY-Size-XL,https://i.ibb.co/8Bz5sRt/Lacoste-Navy-3.jpg
,575,,Color-NAVY-Size-XL,false,Color-NAVY-Size-XL,https://i.ibb.co/g6GCLjN/Lacoste-Navy-4.jpg
,575,,Color-NAVY-Size-XL,false,Color-NAVY-Size-XL,https://i.ibb.co/znq9T1H/Lacoste-Navy-5.jpg
,575,,Color-NAVY-Size-XL,false,Color-NAVY-Size-XL,https://i.ibb.co/BtfcpVS/Lacoste-Navy-6.jpg
,575,,Color-NAVY-Size-XL,false,Color-NAVY-Size-XL,https://i.ibb.co/GMQWgms/Lacoste-Navy-7.jpg
,576,,Color-NAVY-Size-XXL,false,Color-NAVY-Size-XXL,https://i.ibb.co/q0LLdrP/Lacoste-Navy-1.jpg
,576,,Color-NAVY-Size-XXL,false,Color-NAVY-Size-XXL,https://i.ibb.co/kJ2nxNn/Lacoste-Navy-2.jpg
,576,,Color-NAVY-Size-XXL,false,Color-NAVY-Size-XXL,https://i.ibb.co/8Bz5sRt/Lacoste-Navy-3.jpg
,576,,Color-NAVY-Size-XXL,false,Color-NAVY-Size-XXL,https://i.ibb.co/g6GCLjN/Lacoste-Navy-4.jpg
,576,,Color-NAVY-Size-XXL,false,Color-NAVY-Size-XXL,https://i.ibb.co/znq9T1H/Lacoste-Navy-5.jpg
,576,,Color-NAVY-Size-XXL,false,Color-NAVY-Size-XXL,https://i.ibb.co/BtfcpVS/Lacoste-Navy-6.jpg
,576,,Color-NAVY-Size-XXL,false,Color-NAVY-Size-XXL,https://i.ibb.co/GMQWgms/Lacoste-Navy-7.jpg
,577,,Color-NAVY-Size-3XL,false,Color-NAVY-Size-3XL,https://i.ibb.co/q0LLdrP/Lacoste-Navy-1.jpg
,577,,Color-NAVY-Size-3XL,false,Color-NAVY-Size-3XL,https://i.ibb.co/kJ2nxNn/Lacoste-Navy-2.jpg
,577,,Color-NAVY-Size-3XL,false,Color-NAVY-Size-3XL,https://i.ibb.co/8Bz5sRt/Lacoste-Navy-3.jpg
,577,,Color-NAVY-Size-3XL,false,Color-NAVY-Size-3XL,https://i.ibb.co/g6GCLjN/Lacoste-Navy-4.jpg
,577,,Color-NAVY-Size-3XL,false,Color-NAVY-Size-3XL,https://i.ibb.co/znq9T1H/Lacoste-Navy-5.jpg
,577,,Color-NAVY-Size-3XL,false,Color-NAVY-Size-3XL,https://i.ibb.co/BtfcpVS/Lacoste-Navy-6.jpg
,577,,Color-NAVY-Size-3XL,false,Color-NAVY-Size-3XL,https://i.ibb.co/GMQWgms/Lacoste-Navy-7.jpg
,578,,Color-NAVY-Size-4XL,false,Color-NAVY-Size-4XL,https://i.ibb.co/q0LLdrP/Lacoste-Navy-1.jpg
,578,,Color-NAVY-Size-4XL,false,Color-NAVY-Size-4XL,https://i.ibb.co/kJ2nxNn/Lacoste-Navy-2.jpg
,578,,Color-NAVY-Size-4XL,false,Color-NAVY-Size-4XL,https://i.ibb.co/8Bz5sRt/Lacoste-Navy-3.jpg
,578,,Color-NAVY-Size-4XL,false,Color-NAVY-Size-4XL,https://i.ibb.co/g6GCLjN/Lacoste-Navy-4.jpg
,578,,Color-NAVY-Size-4XL,false,Color-NAVY-Size-4XL,https://i.ibb.co/znq9T1H/Lacoste-Navy-5.jpg
,578,,Color-NAVY-Size-4XL,false,Color-NAVY-Size-4XL,https://i.ibb.co/BtfcpVS/Lacoste-Navy-6.jpg
,578,,Color-NAVY-Size-4XL,false,Color-NAVY-Size-4XL,https://i.ibb.co/GMQWgms/Lacoste-Navy-7.jpg
,579,,Color-WHITE-Size-XS,false,Color-WHITE-Size-XS,https://i.ibb.co/5W3nKbM/Lacoste-White-1.jpg
,579,,Color-WHITE-Size-XS,false,Color-WHITE-Size-XS,https://i.ibb.co/yyY2BG0/Lacoste-White-2.jpg
,579,,Color-WHITE-Size-XS,false,Color-WHITE-Size-XS,https://i.ibb.co/NsNVDmL/Lacoste-White-3.jpg
,579,,Color-WHITE-Size-XS,false,Color-WHITE-Size-XS,https://i.ibb.co/DgMRtTq/Lacoste-White-4.jpg
,579,,Color-WHITE-Size-XS,false,Color-WHITE-Size-XS,https://i.ibb.co/s6pNW85/Lacoste-White-5.jpg
,579,,Color-WHITE-Size-XS,false,Color-WHITE-Size-XS,https://i.ibb.co/D8RZDTt/Lacoste-White-6.jpg
,579,,Color-WHITE-Size-XS,false,Color-WHITE-Size-XS,https://i.ibb.co/9s6mjhj/Lacoste-White-7.jpg
,580,,Color-WHITE-Size-S,false,Color-WHITE-Size-S,https://i.ibb.co/5W3nKbM/Lacoste-White-1.jpg
,580,,Color-WHITE-Size-S,false,Color-WHITE-Size-S,https://i.ibb.co/yyY2BG0/Lacoste-White-2.jpg
,580,,Color-WHITE-Size-S,false,Color-WHITE-Size-S,https://i.ibb.co/NsNVDmL/Lacoste-White-3.jpg
,580,,Color-WHITE-Size-S,false,Color-WHITE-Size-S,https://i.ibb.co/DgMRtTq/Lacoste-White-4.jpg
,580,,Color-WHITE-Size-S,false,Color-WHITE-Size-S,https://i.ibb.co/s6pNW85/Lacoste-White-5.jpg
,580,,Color-WHITE-Size-S,false,Color-WHITE-Size-S,https://i.ibb.co/D8RZDTt/Lacoste-White-6.jpg
,580,,Color-WHITE-Size-S,false,Color-WHITE-Size-S,https://i.ibb.co/9s6mjhj/Lacoste-White-7.jpg
,581,,Color-WHITE-Size-M,false,Color-WHITE-Size-M,https://i.ibb.co/5W3nKbM/Lacoste-White-1.jpg
,581,,Color-WHITE-Size-M,false,Color-WHITE-Size-M,https://i.ibb.co/yyY2BG0/Lacoste-White-2.jpg
,581,,Color-WHITE-Size-M,false,Color-WHITE-Size-M,https://i.ibb.co/NsNVDmL/Lacoste-White-3.jpg
,581,,Color-WHITE-Size-M,false,Color-WHITE-Size-M,https://i.ibb.co/DgMRtTq/Lacoste-White-4.jpg
,581,,Color-WHITE-Size-M,false,Color-WHITE-Size-M,https://i.ibb.co/s6pNW85/Lacoste-White-5.jpg
,581,,Color-WHITE-Size-M,false,Color-WHITE-Size-M,https://i.ibb.co/D8RZDTt/Lacoste-White-6.jpg
,581,,Color-WHITE-Size-M,false,Color-WHITE-Size-M,https://i.ibb.co/9s6mjhj/Lacoste-White-7.jpg
,582,,Color-WHITE-Size-L,false,Color-WHITE-Size-L,https://i.ibb.co/5W3nKbM/Lacoste-White-1.jpg
,582,,Color-WHITE-Size-L,false,Color-WHITE-Size-L,https://i.ibb.co/yyY2BG0/Lacoste-White-2.jpg
,582,,Color-WHITE-Size-L,false,Color-WHITE-Size-L,https://i.ibb.co/NsNVDmL/Lacoste-White-3.jpg
,582,,Color-WHITE-Size-L,false,Color-WHITE-Size-L,https://i.ibb.co/DgMRtTq/Lacoste-White-4.jpg
,582,,Color-WHITE-Size-L,false,Color-WHITE-Size-L,https://i.ibb.co/s6pNW85/Lacoste-White-5.jpg
,582,,Color-WHITE-Size-L,false,Color-WHITE-Size-L,https://i.ibb.co/D8RZDTt/Lacoste-White-6.jpg
,582,,Color-WHITE-Size-L,false,Color-WHITE-Size-L,https://i.ibb.co/9s6mjhj/Lacoste-White-7.jpg
,583,,Color-WHITE-Size-XL,false,Color-WHITE-Size-XL,https://i.ibb.co/5W3nKbM/Lacoste-White-1.jpg
,583,,Color-WHITE-Size-XL,false,Color-WHITE-Size-XL,https://i.ibb.co/yyY2BG0/Lacoste-White-2.jpg
,583,,Color-WHITE-Size-XL,false,Color-WHITE-Size-XL,https://i.ibb.co/NsNVDmL/Lacoste-White-3.jpg
,583,,Color-WHITE-Size-XL,false,Color-WHITE-Size-XL,https://i.ibb.co/DgMRtTq/Lacoste-White-4.jpg
,583,,Color-WHITE-Size-XL,false,Color-WHITE-Size-XL,https://i.ibb.co/s6pNW85/Lacoste-White-5.jpg
,583,,Color-WHITE-Size-XL,false,Color-WHITE-Size-XL,https://i.ibb.co/D8RZDTt/Lacoste-White-6.jpg
,583,,Color-WHITE-Size-XL,false,Color-WHITE-Size-XL,https://i.ibb.co/9s6mjhj/Lacoste-White-7.jpg
,584,,Color-WHITE-Size-XXL,false,Color-WHITE-Size-XXL,https://i.ibb.co/5W3nKbM/Lacoste-White-1.jpg
,584,,Color-WHITE-Size-XXL,false,Color-WHITE-Size-XXL,https://i.ibb.co/yyY2BG0/Lacoste-White-2.jpg
,584,,Color-WHITE-Size-XXL,false,Color-WHITE-Size-XXL,https://i.ibb.co/NsNVDmL/Lacoste-White-3.jpg
,584,,Color-WHITE-Size-XXL,false,Color-WHITE-Size-XXL,https://i.ibb.co/DgMRtTq/Lacoste-White-4.jpg
,584,,Color-WHITE-Size-XXL,false,Color-WHITE-Size-XXL,https://i.ibb.co/s6pNW85/Lacoste-White-5.jpg
,584,,Color-WHITE-Size-XXL,false,Color-WHITE-Size-XXL,https://i.ibb.co/D8RZDTt/Lacoste-White-6.jpg
,584,,Color-WHITE-Size-XXL,false,Color-WHITE-Size-XXL,https://i.ibb.co/9s6mjhj/Lacoste-White-7.jpg
,585,,Color-WHITE-Size-3XL,false,Color-WHITE-Size-3XL,https://i.ibb.co/5W3nKbM/Lacoste-White-1.jpg
,585,,Color-WHITE-Size-3XL,false,Color-WHITE-Size-3XL,https://i.ibb.co/yyY2BG0/Lacoste-White-2.jpg
,585,,Color-WHITE-Size-3XL,false,Color-WHITE-Size-3XL,https://i.ibb.co/NsNVDmL/Lacoste-White-3.jpg
,585,,Color-WHITE-Size-3XL,false,Color-WHITE-Size-3XL,https://i.ibb.co/DgMRtTq/Lacoste-White-4.jpg
,585,,Color-WHITE-Size-3XL,false,Color-WHITE-Size-3XL,https://i.ibb.co/s6pNW85/Lacoste-White-5.jpg
,585,,Color-WHITE-Size-3XL,false,Color-WHITE-Size-3XL,https://i.ibb.co/D8RZDTt/Lacoste-White-6.jpg
,585,,Color-WHITE-Size-3XL,false,Color-WHITE-Size-3XL,https://i.ibb.co/9s6mjhj/Lacoste-White-7.jpg
,586,,Color-WHITE-Size-4XL,false,Color-WHITE-Size-4XL,https://i.ibb.co/5W3nKbM/Lacoste-White-1.jpg
,586,,Color-WHITE-Size-4XL,false,Color-WHITE-Size-4XL,https://i.ibb.co/yyY2BG0/Lacoste-White-2.jpg
,586,,Color-WHITE-Size-4XL,false,Color-WHITE-Size-4XL,https://i.ibb.co/NsNVDmL/Lacoste-White-3.jpg
,586,,Color-WHITE-Size-4XL,false,Color-WHITE-Size-4XL,https://i.ibb.co/DgMRtTq/Lacoste-White-4.jpg
,586,,Color-WHITE-Size-4XL,false,Color-WHITE-Size-4XL,https://i.ibb.co/s6pNW85/Lacoste-White-5.jpg
,586,,Color-WHITE-Size-4XL,false,Color-WHITE-Size-4XL,https://i.ibb.co/D8RZDTt/Lacoste-White-6.jpg
,586,,Color-WHITE-Size-4XL,false,Color-WHITE-Size-4XL,https://i.ibb.co/9s6mjhj/Lacoste-White-7.jpg
,587,,Color-BLUE-Size-XS,false,Color-BLUE-Size-XS,https://i.ibb.co/zsRf5vZ/Lacoste-Blue-1.jpg
,587,,Color-BLUE-Size-XS,false,Color-BLUE-Size-XS,https://i.ibb.co/tmS7zxm/Lacoste-Blue-2.jpg
,587,,Color-BLUE-Size-XS,false,Color-BLUE-Size-XS,https://i.ibb.co/41JvN9Y/Lacoste-Blue-3.jpg
,587,,Color-BLUE-Size-XS,false,Color-BLUE-Size-XS,https://i.ibb.co/d58XtTH/Lacoste-Blue-4.jpg
,587,,Color-BLUE-Size-XS,false,Color-BLUE-Size-XS,https://i.ibb.co/FzV2WqZ/Lacoste-Blue-5.jpg
,588,,Color-BLUE-Size-S,false,Color-BLUE-Size-S,https://i.ibb.co/zsRf5vZ/Lacoste-Blue-1.jpg
,588,,Color-BLUE-Size-S,false,Color-BLUE-Size-S,https://i.ibb.co/tmS7zxm/Lacoste-Blue-2.jpg
,588,,Color-BLUE-Size-S,false,Color-BLUE-Size-S,https://i.ibb.co/41JvN9Y/Lacoste-Blue-3.jpg
,588,,Color-BLUE-Size-S,false,Color-BLUE-Size-S,https://i.ibb.co/d58XtTH/Lacoste-Blue-4.jpg
,588,,Color-BLUE-Size-S,false,Color-BLUE-Size-S,https://i.ibb.co/FzV2WqZ/Lacoste-Blue-5.jpg
,589,,Color-BLUE-Size-M,false,Color-BLUE-Size-M,https://i.ibb.co/zsRf5vZ/Lacoste-Blue-1.jpg
,589,,Color-BLUE-Size-M,false,Color-BLUE-Size-M,https://i.ibb.co/tmS7zxm/Lacoste-Blue-2.jpg
,589,,Color-BLUE-Size-M,false,Color-BLUE-Size-M,https://i.ibb.co/41JvN9Y/Lacoste-Blue-3.jpg
,589,,Color-BLUE-Size-M,false,Color-BLUE-Size-M,https://i.ibb.co/d58XtTH/Lacoste-Blue-4.jpg
,589,,Color-BLUE-Size-M,false,Color-BLUE-Size-M,https://i.ibb.co/FzV2WqZ/Lacoste-Blue-5.jpg
,590,,Color-BLUE-Size-L,false,Color-BLUE-Size-L,https://i.ibb.co/zsRf5vZ/Lacoste-Blue-1.jpg
,590,,Color-BLUE-Size-L,false,Color-BLUE-Size-L,https://i.ibb.co/tmS7zxm/Lacoste-Blue-2.jpg
,590,,Color-BLUE-Size-L,false,Color-BLUE-Size-L,https://i.ibb.co/41JvN9Y/Lacoste-Blue-3.jpg
,590,,Color-BLUE-Size-L,false,Color-BLUE-Size-L,https://i.ibb.co/d58XtTH/Lacoste-Blue-4.jpg
,590,,Color-BLUE-Size-L,false,Color-BLUE-Size-L,https://i.ibb.co/FzV2WqZ/Lacoste-Blue-5.jpg
,591,,Color-BLUE-Size-XL,false,Color-BLUE-Size-XL,https://i.ibb.co/zsRf5vZ/Lacoste-Blue-1.jpg
,591,,Color-BLUE-Size-XL,false,Color-BLUE-Size-XL,https://i.ibb.co/tmS7zxm/Lacoste-Blue-2.jpg
,591,,Color-BLUE-Size-XL,false,Color-BLUE-Size-XL,https://i.ibb.co/41JvN9Y/Lacoste-Blue-3.jpg
,591,,Color-BLUE-Size-XL,false,Color-BLUE-Size-XL,https://i.ibb.co/d58XtTH/Lacoste-Blue-4.jpg
,591,,Color-BLUE-Size-XL,false,Color-BLUE-Size-XL,https://i.ibb.co/FzV2WqZ/Lacoste-Blue-5.jpg
,592,,Color-BLUE-Size-XXL,false,Color-BLUE-Size-XXL,https://i.ibb.co/zsRf5vZ/Lacoste-Blue-1.jpg
,592,,Color-BLUE-Size-XXL,false,Color-BLUE-Size-XXL,https://i.ibb.co/tmS7zxm/Lacoste-Blue-2.jpg
,592,,Color-BLUE-Size-XXL,false,Color-BLUE-Size-XXL,https://i.ibb.co/41JvN9Y/Lacoste-Blue-3.jpg
,592,,Color-BLUE-Size-XXL,false,Color-BLUE-Size-XXL,https://i.ibb.co/d58XtTH/Lacoste-Blue-4.jpg
,592,,Color-BLUE-Size-XXL,false,Color-BLUE-Size-XXL,https://i.ibb.co/FzV2WqZ/Lacoste-Blue-5.jpg
,593,,Color-BLUE-Size-3XL,false,Color-BLUE-Size-3XL,https://i.ibb.co/zsRf5vZ/Lacoste-Blue-1.jpg
,593,,Color-BLUE-Size-3XL,false,Color-BLUE-Size-3XL,https://i.ibb.co/tmS7zxm/Lacoste-Blue-2.jpg
,593,,Color-BLUE-Size-3XL,false,Color-BLUE-Size-3XL,https://i.ibb.co/41JvN9Y/Lacoste-Blue-3.jpg
,593,,Color-BLUE-Size-3XL,false,Color-BLUE-Size-3XL,https://i.ibb.co/d58XtTH/Lacoste-Blue-4.jpg
,593,,Color-BLUE-Size-3XL,false,Color-BLUE-Size-3XL,https://i.ibb.co/FzV2WqZ/Lacoste-Blue-5.jpg
,594,,Color-BLUE-Size-4XL,false,Color-BLUE-Size-4XL,https://i.ibb.co/zsRf5vZ/Lacoste-Blue-1.jpg
,594,,Color-BLUE-Size-4XL,false,Color-BLUE-Size-4XL,https://i.ibb.co/tmS7zxm/Lacoste-Blue-2.jpg
,594,,Color-BLUE-Size-4XL,false,Color-BLUE-Size-4XL,https://i.ibb.co/41JvN9Y/Lacoste-Blue-3.jpg
,594,,Color-BLUE-Size-4XL,false,Color-BLUE-Size-4XL,https://i.ibb.co/d58XtTH/Lacoste-Blue-4.jpg
,594,,Color-BLUE-Size-4XL,false,Color-BLUE-Size-4XL,https://i.ibb.co/FzV2WqZ/Lacoste-Blue-5.jpg
,603,,Color-YELLOW-Size-XS,false,Color-YELLOW-Size-XS,https://i.ibb.co/G2CDLww/Lacoste-Yellow-1.jpg
,603,,Color-YELLOW-Size-XS,false,Color-YELLOW-Size-XS,https://i.ibb.co/r7tRn9d/Lacoste-Yellow-2.jpg
,603,,Color-YELLOW-Size-XS,false,Color-YELLOW-Size-XS,https://i.ibb.co/2Z0w2zV/Lacoste-Yellow-3.jpg
,603,,Color-YELLOW-Size-XS,false,Color-YELLOW-Size-XS,https://i.ibb.co/fDgMLDT/Lacoste-Yellow-4.jpg
,603,,Color-YELLOW-Size-XS,false,Color-YELLOW-Size-XS,https://i.ibb.co/Xz3Ymyp/Lacoste-Yellow-5.jpg
,603,,Color-YELLOW-Size-XS,false,Color-YELLOW-Size-XS,https://i.ibb.co/ZXDkW2M/Lacoste-Yellow-6.jpg
,603,,Color-YELLOW-Size-XS,false,Color-YELLOW-Size-XS,https://i.ibb.co/WFf6PrJ/Lacoste-Yellow-7.jpg
,604,,Color-YELLOW-Size-S,false,Color-YELLOW-Size-S,https://i.ibb.co/G2CDLww/Lacoste-Yellow-1.jpg
,604,,Color-YELLOW-Size-S,false,Color-YELLOW-Size-S,https://i.ibb.co/r7tRn9d/Lacoste-Yellow-2.jpg
,604,,Color-YELLOW-Size-S,false,Color-YELLOW-Size-S,https://i.ibb.co/2Z0w2zV/Lacoste-Yellow-3.jpg
,604,,Color-YELLOW-Size-S,false,Color-YELLOW-Size-S,https://i.ibb.co/fDgMLDT/Lacoste-Yellow-4.jpg
,604,,Color-YELLOW-Size-S,false,Color-YELLOW-Size-S,https://i.ibb.co/Xz3Ymyp/Lacoste-Yellow-5.jpg
,604,,Color-YELLOW-Size-S,false,Color-YELLOW-Size-S,https://i.ibb.co/ZXDkW2M/Lacoste-Yellow-6.jpg
,604,,Color-YELLOW-Size-S,false,Color-YELLOW-Size-S,https://i.ibb.co/WFf6PrJ/Lacoste-Yellow-7.jpg
,605,,Color-YELLOW-Size-M,false,Color-YELLOW-Size-M,https://i.ibb.co/G2CDLww/Lacoste-Yellow-1.jpg
,605,,Color-YELLOW-Size-M,false,Color-YELLOW-Size-M,https://i.ibb.co/r7tRn9d/Lacoste-Yellow-2.jpg
,605,,Color-YELLOW-Size-M,false,Color-YELLOW-Size-M,https://i.ibb.co/2Z0w2zV/Lacoste-Yellow-3.jpg
,605,,Color-YELLOW-Size-M,false,Color-YELLOW-Size-M,https://i.ibb.co/fDgMLDT/Lacoste-Yellow-4.jpg
,605,,Color-YELLOW-Size-M,false,Color-YELLOW-Size-M,https://i.ibb.co/Xz3Ymyp/Lacoste-Yellow-5.jpg
,605,,Color-YELLOW-Size-M,false,Color-YELLOW-Size-M,https://i.ibb.co/ZXDkW2M/Lacoste-Yellow-6.jpg
,605,,Color-YELLOW-Size-M,false,Color-YELLOW-Size-M,https://i.ibb.co/WFf6PrJ/Lacoste-Yellow-7.jpg
,606,,Color-YELLOW-Size-L,false,Color-YELLOW-Size-L,https://i.ibb.co/G2CDLww/Lacoste-Yellow-1.jpg
,606,,Color-YELLOW-Size-L,false,Color-YELLOW-Size-L,https://i.ibb.co/r7tRn9d/Lacoste-Yellow-2.jpg
,606,,Color-YELLOW-Size-L,false,Color-YELLOW-Size-L,https://i.ibb.co/2Z0w2zV/Lacoste-Yellow-3.jpg
,606,,Color-YELLOW-Size-L,false,Color-YELLOW-Size-L,https://i.ibb.co/fDgMLDT/Lacoste-Yellow-4.jpg
,606,,Color-YELLOW-Size-L,false,Color-YELLOW-Size-L,https://i.ibb.co/Xz3Ymyp/Lacoste-Yellow-5.jpg
,606,,Color-YELLOW-Size-L,false,Color-YELLOW-Size-L,https://i.ibb.co/ZXDkW2M/Lacoste-Yellow-6.jpg
,606,,Color-YELLOW-Size-L,false,Color-YELLOW-Size-L,https://i.ibb.co/WFf6PrJ/Lacoste-Yellow-7.jpg
,607,,Color-YELLOW-Size-XL,false,Color-YELLOW-Size-XL,https://i.ibb.co/G2CDLww/Lacoste-Yellow-1.jpg
,607,,Color-YELLOW-Size-XL,false,Color-YELLOW-Size-XL,https://i.ibb.co/r7tRn9d/Lacoste-Yellow-2.jpg
,607,,Color-YELLOW-Size-XL,false,Color-YELLOW-Size-XL,https://i.ibb.co/2Z0w2zV/Lacoste-Yellow-3.jpg
,607,,Color-YELLOW-Size-XL,false,Color-YELLOW-Size-XL,https://i.ibb.co/fDgMLDT/Lacoste-Yellow-4.jpg
,607,,Color-YELLOW-Size-XL,false,Color-YELLOW-Size-XL,https://i.ibb.co/Xz3Ymyp/Lacoste-Yellow-5.jpg
,607,,Color-YELLOW-Size-XL,false,Color-YELLOW-Size-XL,https://i.ibb.co/ZXDkW2M/Lacoste-Yellow-6.jpg
,607,,Color-YELLOW-Size-XL,false,Color-YELLOW-Size-XL,https://i.ibb.co/WFf6PrJ/Lacoste-Yellow-7.jpg
,608,,Color-YELLOW-Size-XXL,false,Color-YELLOW-Size-XXL,https://i.ibb.co/G2CDLww/Lacoste-Yellow-1.jpg
,608,,Color-YELLOW-Size-XXL,false,Color-YELLOW-Size-XXL,https://i.ibb.co/r7tRn9d/Lacoste-Yellow-2.jpg
,608,,Color-YELLOW-Size-XXL,false,Color-YELLOW-Size-XXL,https://i.ibb.co/2Z0w2zV/Lacoste-Yellow-3.jpg
,608,,Color-YELLOW-Size-XXL,false,Color-YELLOW-Size-XXL,https://i.ibb.co/fDgMLDT/Lacoste-Yellow-4.jpg
,608,,Color-YELLOW-Size-XXL,false,Color-YELLOW-Size-XXL,https://i.ibb.co/Xz3Ymyp/Lacoste-Yellow-5.jpg
,608,,Color-YELLOW-Size-XXL,false,Color-YELLOW-Size-XXL,https://i.ibb.co/ZXDkW2M/Lacoste-Yellow-6.jpg
,608,,Color-YELLOW-Size-XXL,false,Color-YELLOW-Size-XXL,https://i.ibb.co/WFf6PrJ/Lacoste-Yellow-7.jpg
,609,,Color-YELLOW-Size-3XL,false,Color-YELLOW-Size-3XL,https://i.ibb.co/G2CDLww/Lacoste-Yellow-1.jpg
,609,,Color-YELLOW-Size-3XL,false,Color-YELLOW-Size-3XL,https://i.ibb.co/r7tRn9d/Lacoste-Yellow-2.jpg
,609,,Color-YELLOW-Size-3XL,false,Color-YELLOW-Size-3XL,https://i.ibb.co/2Z0w2zV/Lacoste-Yellow-3.jpg
,609,,Color-YELLOW-Size-3XL,false,Color-YELLOW-Size-3XL,https://i.ibb.co/fDgMLDT/Lacoste-Yellow-4.jpg
,609,,Color-YELLOW-Size-3XL,false,Color-YELLOW-Size-3XL,https://i.ibb.co/Xz3Ymyp/Lacoste-Yellow-5.jpg
,609,,Color-YELLOW-Size-3XL,false,Color-YELLOW-Size-3XL,https://i.ibb.co/ZXDkW2M/Lacoste-Yellow-6.jpg
,609,,Color-YELLOW-Size-3XL,false,Color-YELLOW-Size-3XL,https://i.ibb.co/WFf6PrJ/Lacoste-Yellow-7.jpg
,610,,Color-YELLOW-Size-4XL,false,Color-YELLOW-Size-4XL,https://i.ibb.co/G2CDLww/Lacoste-Yellow-1.jpg
,610,,Color-YELLOW-Size-4XL,false,Color-YELLOW-Size-4XL,https://i.ibb.co/r7tRn9d/Lacoste-Yellow-2.jpg
,610,,Color-YELLOW-Size-4XL,false,Color-YELLOW-Size-4XL,https://i.ibb.co/2Z0w2zV/Lacoste-Yellow-3.jpg
,610,,Color-YELLOW-Size-4XL,false,Color-YELLOW-Size-4XL,https://i.ibb.co/fDgMLDT/Lacoste-Yellow-4.jpg
,610,,Color-YELLOW-Size-4XL,false,Color-YELLOW-Size-4XL,https://i.ibb.co/Xz3Ymyp/Lacoste-Yellow-5.jpg
,610,,Color-YELLOW-Size-4XL,false,Color-YELLOW-Size-4XL,https://i.ibb.co/ZXDkW2M/Lacoste-Yellow-6.jpg
,610,,Color-YELLOW-Size-4XL,false,Color-YELLOW-Size-4XL,https://i.ibb.co/WFf6PrJ/Lacoste-Yellow-7.jpg
,611,,Color-TAN-Size-XS,false,Color-TAN-Size-XS,https://i.ibb.co/1XH83M7/Utility-Jacket-1.jpg
,611,,Color-TAN-Size-XS,false,Color-TAN-Size-XS,https://i.ibb.co/SfhcptP/Utility-Jacket-2.jpg
,611,,Color-TAN-Size-XS,false,Color-TAN-Size-XS,https://i.ibb.co/QQNW66R/Utility-Jacket-3.jpg
,611,,Color-TAN-Size-XS,false,Color-TAN-Size-XS,https://i.ibb.co/xHkd3M8/Utility-Jacket-4.jpg
,612,,Color-TAN-Size-S,false,Color-TAN-Size-S,https://i.ibb.co/1XH83M7/Utility-Jacket-1.jpg
,612,,Color-TAN-Size-S,false,Color-TAN-Size-S,https://i.ibb.co/SfhcptP/Utility-Jacket-2.jpg
,612,,Color-TAN-Size-S,false,Color-TAN-Size-S,https://i.ibb.co/QQNW66R/Utility-Jacket-3.jpg
,612,,Color-TAN-Size-S,false,Color-TAN-Size-S,https://i.ibb.co/xHkd3M8/Utility-Jacket-4.jpg
,613,,Color-TAN-Size-M,false,Color-TAN-Size-M,https://i.ibb.co/1XH83M7/Utility-Jacket-1.jpg
,613,,Color-TAN-Size-M,false,Color-TAN-Size-M,https://i.ibb.co/SfhcptP/Utility-Jacket-2.jpg
,613,,Color-TAN-Size-M,false,Color-TAN-Size-M,https://i.ibb.co/QQNW66R/Utility-Jacket-3.jpg
,613,,Color-TAN-Size-M,false,Color-TAN-Size-M,https://i.ibb.co/xHkd3M8/Utility-Jacket-4.jpg
,614,,Color-TAN-Size-L,false,Color-TAN-Size-L,https://i.ibb.co/1XH83M7/Utility-Jacket-1.jpg
,614,,Color-TAN-Size-L,false,Color-TAN-Size-L,https://i.ibb.co/SfhcptP/Utility-Jacket-2.jpg
,614,,Color-TAN-Size-L,false,Color-TAN-Size-L,https://i.ibb.co/QQNW66R/Utility-Jacket-3.jpg
,614,,Color-TAN-Size-L,false,Color-TAN-Size-L,https://i.ibb.co/xHkd3M8/Utility-Jacket-4.jpg
,615,,Color-TAN-Size-XL,false,Color-TAN-Size-XL,https://i.ibb.co/1XH83M7/Utility-Jacket-1.jpg
,615,,Color-TAN-Size-XL,false,Color-TAN-Size-XL,https://i.ibb.co/SfhcptP/Utility-Jacket-2.jpg
,615,,Color-TAN-Size-XL,false,Color-TAN-Size-XL,https://i.ibb.co/QQNW66R/Utility-Jacket-3.jpg
,615,,Color-TAN-Size-XL,false,Color-TAN-Size-XL,https://i.ibb.co/xHkd3M8/Utility-Jacket-4.jpg
,616,,Color-TAN-Size-XXL,false,Color-TAN-Size-XXL,https://i.ibb.co/1XH83M7/Utility-Jacket-1.jpg
,616,,Color-TAN-Size-XXL,false,Color-TAN-Size-XXL,https://i.ibb.co/SfhcptP/Utility-Jacket-2.jpg
,616,,Color-TAN-Size-XXL,false,Color-TAN-Size-XXL,https://i.ibb.co/QQNW66R/Utility-Jacket-3.jpg
,616,,Color-TAN-Size-XXL,false,Color-TAN-Size-XXL,https://i.ibb.co/xHkd3M8/Utility-Jacket-4.jpg
,617,,Color-TAN-Size-3XL,false,Color-TAN-Size-3XL,https://i.ibb.co/1XH83M7/Utility-Jacket-1.jpg
,617,,Color-TAN-Size-3XL,false,Color-TAN-Size-3XL,https://i.ibb.co/SfhcptP/Utility-Jacket-2.jpg
,617,,Color-TAN-Size-3XL,false,Color-TAN-Size-3XL,https://i.ibb.co/QQNW66R/Utility-Jacket-3.jpg
,617,,Color-TAN-Size-3XL,false,Color-TAN-Size-3XL,https://i.ibb.co/xHkd3M8/Utility-Jacket-4.jpg
,618,,Color-RED-Size-XS,false,Color-RED-Size-XS,https://i.ibb.co/pK6K2f5/ESSENTIAL-REGATTA-Red-1.jpg
,618,,Color-RED-Size-XS,false,Color-RED-Size-XS,https://i.ibb.co/xjK6p46/ESSENTIAL-REGATTA-Red-2.jpg
,618,,Color-RED-Size-XS,false,Color-RED-Size-XS,https://i.ibb.co/YD72QCv/ESSENTIAL-REGATTA-Red-3.jpg
,618,,Color-RED-Size-XS,false,Color-RED-Size-XS,https://i.ibb.co/QHM900w/ESSENTIAL-REGATTA-Red-4.jpg
,619,,Color-RED-Size-S,false,Color-RED-Size-S,https://i.ibb.co/pK6K2f5/ESSENTIAL-REGATTA-Red-1.jpg
,619,,Color-RED-Size-S,false,Color-RED-Size-S,https://i.ibb.co/xjK6p46/ESSENTIAL-REGATTA-Red-2.jpg
,619,,Color-RED-Size-S,false,Color-RED-Size-S,https://i.ibb.co/YD72QCv/ESSENTIAL-REGATTA-Red-3.jpg
,619,,Color-RED-Size-S,false,Color-RED-Size-S,https://i.ibb.co/QHM900w/ESSENTIAL-REGATTA-Red-4.jpg
,620,,Color-RED-Size-M,false,Color-RED-Size-M,https://i.ibb.co/pK6K2f5/ESSENTIAL-REGATTA-Red-1.jpg
,620,,Color-RED-Size-M,false,Color-RED-Size-M,https://i.ibb.co/xjK6p46/ESSENTIAL-REGATTA-Red-2.jpg
,620,,Color-RED-Size-M,false,Color-RED-Size-M,https://i.ibb.co/YD72QCv/ESSENTIAL-REGATTA-Red-3.jpg
,620,,Color-RED-Size-M,false,Color-RED-Size-M,https://i.ibb.co/QHM900w/ESSENTIAL-REGATTA-Red-4.jpg
,621,,Color-RED-Size-L,false,Color-RED-Size-L,https://i.ibb.co/pK6K2f5/ESSENTIAL-REGATTA-Red-1.jpg
,621,,Color-RED-Size-L,false,Color-RED-Size-L,https://i.ibb.co/xjK6p46/ESSENTIAL-REGATTA-Red-2.jpg
,621,,Color-RED-Size-L,false,Color-RED-Size-L,https://i.ibb.co/YD72QCv/ESSENTIAL-REGATTA-Red-3.jpg
,621,,Color-RED-Size-L,false,Color-RED-Size-L,https://i.ibb.co/QHM900w/ESSENTIAL-REGATTA-Red-4.jpg
,622,,Color-RED-Size-XL,false,Color-RED-Size-XL,https://i.ibb.co/pK6K2f5/ESSENTIAL-REGATTA-Red-1.jpg
,622,,Color-RED-Size-XL,false,Color-RED-Size-XL,https://i.ibb.co/xjK6p46/ESSENTIAL-REGATTA-Red-2.jpg
,622,,Color-RED-Size-XL,false,Color-RED-Size-XL,https://i.ibb.co/YD72QCv/ESSENTIAL-REGATTA-Red-3.jpg
,622,,Color-RED-Size-XL,false,Color-RED-Size-XL,https://i.ibb.co/QHM900w/ESSENTIAL-REGATTA-Red-4.jpg
,623,,Color-RED-Size-XXL,false,Color-RED-Size-XXL,https://i.ibb.co/pK6K2f5/ESSENTIAL-REGATTA-Red-1.jpg
,623,,Color-RED-Size-XXL,false,Color-RED-Size-XXL,https://i.ibb.co/xjK6p46/ESSENTIAL-REGATTA-Red-2.jpg
,623,,Color-RED-Size-XXL,false,Color-RED-Size-XXL,https://i.ibb.co/YD72QCv/ESSENTIAL-REGATTA-Red-3.jpg
,623,,Color-RED-Size-XXL,false,Color-RED-Size-XXL,https://i.ibb.co/QHM900w/ESSENTIAL-REGATTA-Red-4.jpg
,624,,Color-RED-Size-3XL,false,Color-RED-Size-3XL,https://i.ibb.co/pK6K2f5/ESSENTIAL-REGATTA-Red-1.jpg
,624,,Color-RED-Size-3XL,false,Color-RED-Size-3XL,https://i.ibb.co/xjK6p46/ESSENTIAL-REGATTA-Red-2.jpg
,624,,Color-RED-Size-3XL,false,Color-RED-Size-3XL,https://i.ibb.co/YD72QCv/ESSENTIAL-REGATTA-Red-3.jpg
,624,,Color-RED-Size-3XL,false,Color-RED-Size-3XL,https://i.ibb.co/QHM900w/ESSENTIAL-REGATTA-Red-4.jpg
,625,,Color-BLACK-Size-XS,false,Color-BLACK-Size-XS,https://i.ibb.co/hgSRS4b/ESSENTIAL-REGATTA-Black-1.jpg
,625,,Color-BLACK-Size-XS,false,Color-BLACK-Size-XS,https://i.ibb.co/DRMjtWQ/ESSENTIAL-REGATTA-Black-2.jpg
,625,,Color-BLACK-Size-XS,false,Color-BLACK-Size-XS,https://i.ibb.co/713knZh/ESSENTIAL-REGATTA-Black-3.jpg
,626,,Color-BLACK-Size-S,false,Color-BLACK-Size-S,https://i.ibb.co/hgSRS4b/ESSENTIAL-REGATTA-Black-1.jpg
,626,,Color-BLACK-Size-S,false,Color-BLACK-Size-S,https://i.ibb.co/DRMjtWQ/ESSENTIAL-REGATTA-Black-2.jpg
,626,,Color-BLACK-Size-S,false,Color-BLACK-Size-S,https://i.ibb.co/713knZh/ESSENTIAL-REGATTA-Black-3.jpg
,627,,Color-BLACK-Size-M,false,Color-BLACK-Size-M,https://i.ibb.co/hgSRS4b/ESSENTIAL-REGATTA-Black-1.jpg
,627,,Color-BLACK-Size-M,false,Color-BLACK-Size-M,https://i.ibb.co/DRMjtWQ/ESSENTIAL-REGATTA-Black-2.jpg
,627,,Color-BLACK-Size-M,false,Color-BLACK-Size-M,https://i.ibb.co/713knZh/ESSENTIAL-REGATTA-Black-3.jpg
,628,,Color-BLACK-Size-L,false,Color-BLACK-Size-L,https://i.ibb.co/hgSRS4b/ESSENTIAL-REGATTA-Black-1.jpg
,628,,Color-BLACK-Size-L,false,Color-BLACK-Size-L,https://i.ibb.co/DRMjtWQ/ESSENTIAL-REGATTA-Black-2.jpg
,628,,Color-BLACK-Size-L,false,Color-BLACK-Size-L,https://i.ibb.co/713knZh/ESSENTIAL-REGATTA-Black-3.jpg
,629,,Color-BLACK-Size-XL,false,Color-BLACK-Size-XL,https://i.ibb.co/hgSRS4b/ESSENTIAL-REGATTA-Black-1.jpg
,629,,Color-BLACK-Size-XL,false,Color-BLACK-Size-XL,https://i.ibb.co/DRMjtWQ/ESSENTIAL-REGATTA-Black-2.jpg
,629,,Color-BLACK-Size-XL,false,Color-BLACK-Size-XL,https://i.ibb.co/713knZh/ESSENTIAL-REGATTA-Black-3.jpg
,630,,Color-BLACK-Size-XXL,false,Color-BLACK-Size-XXL,https://i.ibb.co/hgSRS4b/ESSENTIAL-REGATTA-Black-1.jpg
,630,,Color-BLACK-Size-XXL,false,Color-BLACK-Size-XXL,https://i.ibb.co/DRMjtWQ/ESSENTIAL-REGATTA-Black-2.jpg
,630,,Color-BLACK-Size-XXL,false,Color-BLACK-Size-XXL,https://i.ibb.co/713knZh/ESSENTIAL-REGATTA-Black-3.jpg
,631,,Color-BLACK-Size-3XL,false,Color-BLACK-Size-3XL,https://i.ibb.co/hgSRS4b/ESSENTIAL-REGATTA-Black-1.jpg
,632,,Color-WHITE-Size-XS,false,Color-WHITE-Size-XS,https://i.ibb.co/xsFzG1x/ESSENTIAL-REGATTA-White-1.jpg
,632,,Color-WHITE-Size-XS,false,Color-WHITE-Size-XS,https://i.ibb.co/QmKHtkq/ESSENTIAL-REGATTA-White-2.jpg
,632,,Color-WHITE-Size-XS,false,Color-WHITE-Size-XS,https://i.ibb.co/WpXMBfm/ESSENTIAL-REGATTA-White-3.jpg
,632,,Color-WHITE-Size-XS,false,Color-WHITE-Size-XS,https://i.ibb.co/JHxGkZS/ESSENTIAL-REGATTA-White-4.jpg
,633,,Color-WHITE-Size-S,false,Color-WHITE-Size-S,https://i.ibb.co/xsFzG1x/ESSENTIAL-REGATTA-White-1.jpg
,633,,Color-WHITE-Size-S,false,Color-WHITE-Size-S,https://i.ibb.co/QmKHtkq/ESSENTIAL-REGATTA-White-2.jpg
,633,,Color-WHITE-Size-S,false,Color-WHITE-Size-S,https://i.ibb.co/WpXMBfm/ESSENTIAL-REGATTA-White-3.jpg
,633,,Color-WHITE-Size-S,false,Color-WHITE-Size-S,https://i.ibb.co/JHxGkZS/ESSENTIAL-REGATTA-White-4.jpg
,634,,Color-WHITE-Size-M,false,Color-WHITE-Size-M,https://i.ibb.co/xsFzG1x/ESSENTIAL-REGATTA-White-1.jpg
,634,,Color-WHITE-Size-M,false,Color-WHITE-Size-M,https://i.ibb.co/QmKHtkq/ESSENTIAL-REGATTA-White-2.jpg
,634,,Color-WHITE-Size-M,false,Color-WHITE-Size-M,https://i.ibb.co/WpXMBfm/ESSENTIAL-REGATTA-White-3.jpg
,634,,Color-WHITE-Size-M,false,Color-WHITE-Size-M,https://i.ibb.co/JHxGkZS/ESSENTIAL-REGATTA-White-4.jpg
,635,,Color-WHITE-Size-L,false,Color-WHITE-Size-L,https://i.ibb.co/xsFzG1x/ESSENTIAL-REGATTA-White-1.jpg
,635,,Color-WHITE-Size-L,false,Color-WHITE-Size-L,https://i.ibb.co/QmKHtkq/ESSENTIAL-REGATTA-White-2.jpg
,635,,Color-WHITE-Size-L,false,Color-WHITE-Size-L,https://i.ibb.co/WpXMBfm/ESSENTIAL-REGATTA-White-3.jpg
,635,,Color-WHITE-Size-L,false,Color-WHITE-Size-L,https://i.ibb.co/JHxGkZS/ESSENTIAL-REGATTA-White-4.jpg
,636,,Color-WHITE-Size-XL,false,Color-WHITE-Size-XL,https://i.ibb.co/xsFzG1x/ESSENTIAL-REGATTA-White-1.jpg
,636,,Color-WHITE-Size-XL,false,Color-WHITE-Size-XL,https://i.ibb.co/QmKHtkq/ESSENTIAL-REGATTA-White-2.jpg
,636,,Color-WHITE-Size-XL,false,Color-WHITE-Size-XL,https://i.ibb.co/WpXMBfm/ESSENTIAL-REGATTA-White-3.jpg
,636,,Color-WHITE-Size-XL,false,Color-WHITE-Size-XL,https://i.ibb.co/JHxGkZS/ESSENTIAL-REGATTA-White-4.jpg
,637,,Color-WHITE-Size-XXL,false,Color-WHITE-Size-XXL,https://i.ibb.co/xsFzG1x/ESSENTIAL-REGATTA-White-1.jpg
,637,,Color-WHITE-Size-XXL,false,Color-WHITE-Size-XXL,https://i.ibb.co/QmKHtkq/ESSENTIAL-REGATTA-White-2.jpg
,637,,Color-WHITE-Size-XXL,false,Color-WHITE-Size-XXL,https://i.ibb.co/WpXMBfm/ESSENTIAL-REGATTA-White-3.jpg
,637,,Color-WHITE-Size-XXL,false,Color-WHITE-Size-XXL,https://i.ibb.co/JHxGkZS/ESSENTIAL-REGATTA-White-4.jpg
,638,,Color-WHITE-Size-3XL,false,Color-WHITE-Size-3XL,https://i.ibb.co/xsFzG1x/ESSENTIAL-REGATTA-White-1.jpg
,638,,Color-WHITE-Size-3XL,false,Color-WHITE-Size-3XL,https://i.ibb.co/QmKHtkq/ESSENTIAL-REGATTA-White-2.jpg
,638,,Color-WHITE-Size-3XL,false,Color-WHITE-Size-3XL,https://i.ibb.co/WpXMBfm/ESSENTIAL-REGATTA-White-3.jpg
,638,,Color-WHITE-Size-3XL,false,Color-WHITE-Size-3XL,https://i.ibb.co/JHxGkZS/ESSENTIAL-REGATTA-White-4.jpg
,639,,Color-BLUE-Size-XS,false,Color-BLUE-Size-XS,https://i.ibb.co/Jy9wJsv/ESSENTIAL-REGATTA-Navy-1.jpg
,639,,Color-BLUE-Size-XS,false,Color-BLUE-Size-XS,https://i.ibb.co/cTHL9hm/ESSENTIAL-REGATTA-Navy-2.jpg
,640,,Color-BLUE-Size-S,false,Color-BLUE-Size-S,https://i.ibb.co/Jy9wJsv/ESSENTIAL-REGATTA-Navy-1.jpg
,640,,Color-BLUE-Size-S,false,Color-BLUE-Size-S,https://i.ibb.co/cTHL9hm/ESSENTIAL-REGATTA-Navy-2.jpg
,641,,Color-BLUE-Size-M,false,Color-BLUE-Size-M,https://i.ibb.co/Jy9wJsv/ESSENTIAL-REGATTA-Navy-1.jpg
,641,,Color-BLUE-Size-M,false,Color-BLUE-Size-M,https://i.ibb.co/cTHL9hm/ESSENTIAL-REGATTA-Navy-2.jpg
,642,,Color-BLUE-Size-L,false,Color-BLUE-Size-L,https://i.ibb.co/Jy9wJsv/ESSENTIAL-REGATTA-Navy-1.jpg
,642,,Color-BLUE-Size-L,false,Color-BLUE-Size-L,https://i.ibb.co/cTHL9hm/ESSENTIAL-REGATTA-Navy-2.jpg
,643,,Color-BLUE-Size-XL,false,Color-BLUE-Size-XL,https://i.ibb.co/Jy9wJsv/ESSENTIAL-REGATTA-Navy-1.jpg
,643,,Color-BLUE-Size-XL,false,Color-BLUE-Size-XL,https://i.ibb.co/cTHL9hm/ESSENTIAL-REGATTA-Navy-2.jpg
,644,,Color-BLUE-Size-XXL,false,Color-BLUE-Size-XXL,https://i.ibb.co/Jy9wJsv/ESSENTIAL-REGATTA-Navy-1.jpg
,644,,Color-BLUE-Size-XXL,false,Color-BLUE-Size-XXL,https://i.ibb.co/cTHL9hm/ESSENTIAL-REGATTA-Navy-2.jpg
,645,,Color-BLUE-Size-3XL,false,Color-BLUE-Size-3XL,https://i.ibb.co/Jy9wJsv/ESSENTIAL-REGATTA-Navy-1.jpg
,645,,Color-BLUE-Size-3XL,false,Color-BLUE-Size-3XL,https://i.ibb.co/cTHL9hm/ESSENTIAL-REGATTA-Navy-2.jpg
,646,,Color-BEIGE-Size-XS,false,Color-BEIGE-Size-XS,https://i.ibb.co/zZJ4TWx/ESSENTIAL-COLORBLOCK-SWEATER-1.jpg
,646,,Color-BEIGE-Size-XS,false,Color-BEIGE-Size-XS,https://i.ibb.co/d2VqpBv/ESSENTIAL-COLORBLOCK-SWEATER-2.jpg
,647,,Color-BEIGE-Size-S,false,Color-BEIGE-Size-S,https://i.ibb.co/zZJ4TWx/ESSENTIAL-COLORBLOCK-SWEATER-1.jpg
,647,,Color-BEIGE-Size-S,false,Color-BEIGE-Size-S,https://i.ibb.co/d2VqpBv/ESSENTIAL-COLORBLOCK-SWEATER-2.jpg
,648,,Color-BEIGE-Size-M,false,Color-BEIGE-Size-M,https://i.ibb.co/zZJ4TWx/ESSENTIAL-COLORBLOCK-SWEATER-1.jpg
,648,,Color-BEIGE-Size-M,false,Color-BEIGE-Size-M,https://i.ibb.co/d2VqpBv/ESSENTIAL-COLORBLOCK-SWEATER-2.jpg
,649,,Color-BEIGE-Size-L,false,Color-BEIGE-Size-L,https://i.ibb.co/zZJ4TWx/ESSENTIAL-COLORBLOCK-SWEATER-1.jpg
,649,,Color-BEIGE-Size-L,false,Color-BEIGE-Size-L,https://i.ibb.co/d2VqpBv/ESSENTIAL-COLORBLOCK-SWEATER-2.jpg
,650,,Color-BEIGE-Size-XL,false,Color-BEIGE-Size-XL,https://i.ibb.co/zZJ4TWx/ESSENTIAL-COLORBLOCK-SWEATER-1.jpg
,650,,Color-BEIGE-Size-XL,false,Color-BEIGE-Size-XL,https://i.ibb.co/d2VqpBv/ESSENTIAL-COLORBLOCK-SWEATER-2.jpg
,651,,Color-BEIGE-Size-XXL,false,Color-BEIGE-Size-XXL,https://i.ibb.co/zZJ4TWx/ESSENTIAL-COLORBLOCK-SWEATER-1.jpg
,651,,Color-BEIGE-Size-XXL,false,Color-BEIGE-Size-XXL,https://i.ibb.co/d2VqpBv/ESSENTIAL-COLORBLOCK-SWEATER-2.jpg
,652,,Color-BEIGE-Size-3XL,false,Color-BEIGE-Size-3XL,https://i.ibb.co/zZJ4TWx/ESSENTIAL-COLORBLOCK-SWEATER-1.jpg
,652,,Color-BEIGE-Size-3XL,false,Color-BEIGE-Size-3XL,https://i.ibb.co/d2VqpBv/ESSENTIAL-COLORBLOCK-SWEATER-2.jpg